-- phpMyAdmin SQL Dump
-- version 4.1.12
-- http://www.phpmyadmin.net
--
-- Host: localhost
-- Generation Time: Jan 21, 2016 at 01:47 PM
-- Server version: 5.6.16
-- PHP Version: 5.5.11

SET SQL_MODE = "NO_AUTO_VALUE_ON_ZERO";
SET time_zone = "+00:00";

--
-- Database: `sbags_db`
--

-- --------------------------------------------------------

-- --------------------------------------------------------

--
-- Table structure for table `customers`
--

CREATE TABLE IF NOT EXISTS `customers` (
  `cust_id` int(5) NOT NULL,
  `surname` varchar(50) DEFAULT NULL,
  `firstname` varchar(50) DEFAULT NULL,
  `initial` char(1) DEFAULT NULL,
  `title_id` int(3) DEFAULT NULL,
  `address` varchar(50) DEFAULT NULL,
  `city` varchar(50) DEFAULT NULL,
  `state` varchar(20) DEFAULT NULL,
  `zipcode` varchar(10) DEFAULT NULL,
  `country_id` int(4) DEFAULT NULL,
  `phone` varchar(15) DEFAULT NULL,
  `birth_date` char(10) DEFAULT NULL,
  PRIMARY KEY (`cust_id`)
) ENGINE=InnoDB DEFAULT CHARSET=latin1;

--
-- Dumping data for table `customer`
--

INSERT INTO `customers` (`cust_id`, `surname`, `firstname`, `initial`, `title_id`, `address`, `city`, `state`, `zipcode`, `country_id`, `phone`, `birth_date`) VALUES
(1, 'Kumi', 'Samuel', 'S', 1, 'Pokuase', 'Old Anita Street', 'OAS', '6750', 12, '(233)83008460', '1969-01-26'),
(2, 'Adu', 'Martin', 'A', 1, 'Alajo Avenor', 'Yankson', 'AAY', '6779', 12, '(233)87783583', '1980-12-17'),
(3, 'Parks', 'Clement', 'C', 1, 'Dzorwulu St', 'Old Waakye joint', 'OWJ', '7664', 12, '(233)74731325', '1975-01-01'),
(4, 'Ankrah', 'Joel', 'J', 5, 'Adenta', 'Lizzy State', 'LS', '7161', 12, '(233)73572833', '1970-04-28'),
(5, 'Amoah', 'Angela', 'A', 1, 'Kaneshie', 'Kaneshie Market', 'KM', '5518', 12, '(233)86626713', '1981-01-17'),
(6, 'Osei', 'Richard', 'R', 1, 'Mamobi', 'Mamobi Park', 'MP', '7143', 12, '(233)86044644', '1960-10-26'),
(7, 'Moafo', 'Sandra', 'S', 4, 'East Legon', 'Shoppers Mall', 'SM', '6962', 12, '(233)75717701', '1981-08-03'),
(8, 'Koranteng', 'Betty', 'V', 2, 'Dansoman Village', 'Under bridge', 'UB', '7872', 12, '(233)78027240', '1970-04-04'),
(9, 'Paulo', 'Ted', 'C', 1, 'ChesterVille', 'Parksions', 'PC', '8868', 12, '(233)87611686', '1968-10-13'),
(10, 'Duku', 'Horace', 'Y', 1, 'Tema Station', 'ADB Bank', 'AB', '7664', 12, '(233)67524135', '1922-11-26'),
(11, 'Larmie', 'Reuben', 'V', 2, 'Abelenkpe', 'Trotro street', 'TSA', '6366', 12, '(233)52868706', '1977-07-01'),
(12, 'Odonkor', 'Miriam', 'B', 2, 'Round Ashaiman', 'Ashaiman Market', 'AM', '6796', 12, '(233)76574741', '1967-01-04'),
(13, 'Oladejo', 'Chris', 'T', 1, 'Sheguna State', 'Sinnor Street', 'SS', '6950', 12, '(233)71708855', '1955-01-22'),
(14, 'Ayobami', 'Emmanuel', 'O', 2, 'Teshie Nungua', 'Teshie Station', 'TNS', '7592', 12, '(233)76353023', '1968-02-11'),
(15, 'Addo', 'Ewurabe', 'K', 5, 'Bermuda villa', 'Vivian Parks', 'VP', '5966', 12, '(233)78202002', '1961-08-01'),
(16, 'Tandoh', 'David', 'D', 2, 'Dome', 'Pillar2 sawmill', 'PS', '8855', 12, '(233)87502528', '1961-09-04'),
(17, 'Ofori-Addo', 'Henry', 'D', 1, 'Abelenkpe', 'Taxi rank', 'TR', '7325', 12, '(233)83660800', '1971-01-11'),
(18, 'Amoah', 'John', 'F', 1, 'Pokuase', 'Pokuasi Re-make', 'PR', '5400', 12, '(233)87677740', '1953-02-11'),
(19, 'Annoh', 'Melissa', 'S', 2, 'Madina', 'Gbawe Roundabout', 'GR', '5698', 12, '(233)67606578', '1968-10-01'),
(20, 'Achiao', 'Harry', 'Y', 5, 'Tarkwa', 'Blandine', 'VIC', '5605', 12, '(233)77524715', '1966-08-14'),
(21, 'Coker', 'Danny', 'W', 4, 'Achimota', 'AMA Church', 'WA', '7892', 12, '(233)67752312', '1971-01-11'),
(22, 'Koffie', 'Penelope', 'E', 2, 'Achimota', 'Methodist Junction', 'WA', '8022', 12, '(233)80700641', '1974-12-11'),
(23, 'Osei', 'Mark', 'T', 1, 'Suffolk', 'Post Office', 'PO', '8018', 12, '(233)82808434', '1953-11-21'),
(24, 'Nicholas', 'Brody', 'P', 1, 'Adabraka', 'Paulissa', 'AP', '5418', 12, '(233)70851445', '1980-02-04'),
(25, 'Michaelson', 'Tim', 'S', 2, 'Berekuso', 'Avenue Allot', 'AA', '5501', 12, '(233)65380456', '1966-08-26'),
(26, 'Amankwah', 'Nathan', 'P', 5, 'Lashibi', 'Lashibi Street Wash', 'LSW', '5817', 12, '(233)64544413', '1974-12-11'),
(27, 'Amatey', 'Samppah', 'F', 4, 'Villagio', 'Krexi', 'VK', '8466', 12, '(233)81235750', '1964-10-01'),
(28, 'Opoku Asidu', 'Jasmine', 'B', 2, 'Abeka', 'Abeka Lapaz', 'AL', '7327', 12, '(233)75303516', '1943-04-24'),
(29, 'Adu', 'Yaw', 'I', 1, 'Crompton', 'Crompton Courts', 'CC', '8804', 12, '(233)64475386', '1981-02-03'),
(30, 'Larmie', 'Naa Korkoi', 'I', 1, 'Spintex', 'Car Sealership', 'CS', '5965', 12, '(233)64157468', '1966-08-11'),
(31, 'Mensah', 'Sarbah', 'U', 4, 'Tema', 'Tema Community 7', 'TC', '5446', 12, '(233)78544248', '1938-04-01'),
(32, 'Anwulor', 'Mark', 'M', 1, 'New Street Lodge', 'New Street Lodge', 'NSL', '8815', 12, '(233)86032738', '1971-01-04'),
(33, 'Gukimi', 'Greg', 'S', 4, 'Kantamanto', 'Market', 'TAS', '7654', 12, '(233)77686341', '1967-01-22'),
(34, 'Jackson', 'Charles', 'T', 2, 'Abelenkpe', 'Industrial Store', 'IS', '6831', 12, '(233)71145830', '1968-02-11'),
(35, 'Leah', 'Jacob', 'Y', 5, 'Madina', 'Marina Park', 'MP', '6539', 12, '(233)74320342', '1966-08-01'),
(36, 'Owusu', 'Robert', 'T', 4, 'Emirates', 'Emirates Coffee House', 'CH', '5177', 12, '(233)71065081', '1971-01-04'),
(37, 'Spio', 'Anthony', 'F', 4, 'Ridge', 'MTN Office', 'MO', '8146', 12, '(233)64380866', '1943-04-04'),
(38, 'Ayorkor', 'Gertrude', 'H', 1, 'Labone', 'Churcheese', 'LC', '5806', 12, '(233)58657348', '1974-12-11'),
(39, 'Awuah', 'Patrick', 'Q', 1, 'Dzorwulu', 'Sewings', 'DS', '7165', 12, '(233)82365228', '1968-10-01'),
(40, 'Awuah', 'Chris', 'W', 5, 'Dzorwulu', 'Finest Gifts', 'FD', '7674', 12, '(233)80143316', '1962-08-04');
-- --------------------------------------------------------

--
-- Table structure for table `bag_stock`
--

CREATE TABLE IF NOT EXISTS `bag_stock` (
  `bag_id` int(5) NOT NULL,
  `bag_stock_id` int(3) NOT NULL,
  `on_hand` int(5) NOT NULL,
  `cost` decimal(5,2) NOT NULL,
  `date_added` date DEFAULT NULL,
  PRIMARY KEY (`bag_id`,`bag_stock_id`)
) ENGINE=InnoDB DEFAULT CHARSET=latin1;

--
-- Dumping data for table `phone_stock`
--

INSERT INTO `bag_stock` (`bag_id`, `bag_stock_id`, `on_hand`, `cost`, `date_added`) VALUES
(1, 1, 956, '21.18', '2004-03-13'),
(2, 1, 468, '28.15', '2004-03-13'),
(3, 1, 601, '9.94', '2004-03-13'),
(4, 1, 518, '21.16', '2004-03-13'),
(5, 1, 280, '6.67', '2004-03-13'),
(6, 1, 813, '20.25', '2004-03-13'),
(7, 1, 713, '12.20', '2004-03-13'),
(8, 1, 287, '10.06', '2004-03-13'),
(9, 1, 850, '24.47', '2004-03-13'),
(10, 1, 221, '17.82', '2004-03-13'),
(11, 1, 381, '16.48', '2004-03-13'),
(12, 1, 564, '27.42', '2004-03-13'),
(13, 1, 720, '17.60', '2004-03-13'),
(14, 1, 666, '5.27', '2004-03-13'),
(15, 1, 836, '12.33', '2004-03-13'),
(16, 1, 507, '8.95', '2004-03-13'),
(17, 1, 762, '25.23', '2004-03-13'),
(18, 1, 964, '8.45', '2004-03-13'),
(19, 1, 33, '29.22', '2004-03-13'),
(20, 1, 505, '9.70', '2004-03-13'),
(21, 1, 333, '19.14', '2004-03-13'),
(22, 1, 817, '8.05', '2004-03-13'),
(23, 1, 247, '26.56', '2004-03-13'),
(24, 1, 849, '18.60', '2004-03-13'),
(25, 1, 120, '14.91', '2004-03-13'),
(26, 1, 456, '26.03', '2004-03-13'),
(27, 1, 408, '20.87', '2004-03-13'),
(28, 1, 645, '19.99', '2004-03-13'),
(29, 1, 99, '20.97', '2004-03-13'),
(30, 1, 322, '8.16', '2004-03-13'),
(31, 1, 30, '16.74', '2004-03-13'),
(32, 1, 178, '12.88', '2004-03-13'),
(33, 1, 237, '18.75', '2004-03-13'),
(34, 1, 806, '14.28', '2004-03-13'),
(35, 1, 407, '17.64', '2004-03-13'),
(36, 1, 317, '29.51', '2004-03-13'),
(37, 1, 352, '14.15', '2004-03-13'),
(38, 1, 223, '5.75', '2004-03-13'),
(39, 1, 220, '7.38', '2004-03-13'),
(40, 1, 191, '15.52', '2004-03-13');
-- --------------------------------------------------------

--
-- Table structure for table `bag_items`
--

CREATE TABLE IF NOT EXISTS `bag_items` (
  `cust_id` int(5) NOT NULL,
  `order_id` int(5) NOT NULL,
  `bag_item_id` int(3) NOT NULL,
  `bag_id` int(4) NOT NULL,
  `qty` int(3) DEFAULT NULL,
  `price` decimal(5,2) DEFAULT NULL,
  PRIMARY KEY (`cust_id`,`order_id`,`bag_item_id`)
) ENGINE=InnoDB DEFAULT CHARSET=latin1;

--
-- Dumping data for table `bag_items`
--

INSERT INTO `bag_items` (`cust_id`, `order_id`, `bag_item_id`, `bag_id`, `qty`, `price`) VALUES
(1, 1, 1, 888, 2, '11.56'),
(1, 2, 1, 206, 3, '73.80'),
(1, 2, 2, 517, 12, '81.62'),
(1, 2, 3, 521, 3, '49.23'),
(1, 2, 4, 332, 3, '75.87'),
(1, 2, 5, 225, 3, '50.88'),
(1, 2, 6, 697, 2, '44.18'),
(1, 3, 1, 706, 1, '26.02'),
(1, 3, 2, 390, 3, '25.29'),
(1, 4, 1, 883, 12, '102.30'),
(1, 4, 2, 460, 2, '38.70'),
(1, 4, 3, 842, 12, '313.83'),
(1, 4, 4, 965, 1, '25.85'),
(1, 4, 5, 559, 1, '6.67'),
(2, 1, 1, 636, 12, '280.61'),
(2, 1, 2, 57, 3, '52.80'),
(2, 1, 3, 178, 3, '33.63'),
(2, 2, 1, 652, 12, '113.08'),
(2, 2, 2, 105, 12, '246.51'),
(2, 2, 3, 731, 1, '25.68'),
(2, 2, 4, 919, 12, '146.85'),
(2, 3, 1, 801, 12, '56.87'),
(2, 3, 2, 224, 2, '47.84'),
(2, 3, 3, 696, 2, '13.24'),
(2, 3, 4, 49, 12, '111.98'),
(2, 3, 5, 882, 1, '21.69'),
(2, 4, 1, 1031, 12, '75.57'),
(2, 5, 1, 46, 2, '31.34'),
(2, 5, 2, 380, 2, '54.90'),
(2, 5, 3, 90, 1, '6.77'),
(2, 5, 4, 260, 2, '14.68'),
(2, 5, 5, 521, 12, '180.51'),
(2, 5, 6, 593, 3, '20.52'),
(3, 1, 1, 706, 12, '286.22'),
(3, 1, 2, 615, 3, '70.71'),
(3, 1, 3, 988, 2, '22.34'),
(3, 1, 4, 507, 12, '198.22'),
(3, 2, 1, 327, 1, '25.20'),
(3, 2, 2, 458, 3, '24.03'),
(3, 3, 1, 526, 1, '19.31'),
(3, 4, 1, 227, 3, '50.28'),
(3, 5, 1, 964, 2, '26.66'),
(3, 5, 2, 153, 1, '23.11'),
(3, 5, 3, 791, 12, '57.09'),
(3, 5, 4, 937, 1, '5.75'),
(3, 5, 5, 977, 1, '14.51'),
(3, 5, 6, 204, 3, '72.84'),
(4, 1, 1, 627, 12, '72.38'),
(4, 1, 2, 567, 1, '12.37'),
(4, 2, 1, 340, 12, '157.19'),
(4, 2, 2, 103, 2, '24.74'),
(4, 2, 3, 703, 12, '294.47'),
(4, 2, 4, 393, 12, '304.70'),
(4, 2, 5, 824, 3, '85.68'),
(4, 2, 6, 1014, 2, '27.64'),
(5, 1, 1, 862, 2, '13.42'),
(5, 2, 1, 47, 1, '24.04'),
(5, 2, 2, 948, 12, '92.18'),
(5, 2, 3, 157, 2, '48.12'),
(5, 2, 4, 663, 1, '7.23'),
(5, 3, 1, 35, 1, '17.64'),
(5, 4, 1, 376, 1, '21.17'),
(5, 5, 1, 18, 2, '16.90'),
(6, 1, 1, 921, 1, '25.30'),
(6, 1, 2, 557, 12, '149.38'),
(6, 1, 3, 188, 2, '15.42'),
(6, 2, 1, 492, 1, '22.10'),
(6, 2, 2, 346, 12, '78.54'),
(6, 2, 3, 138, 2, '43.02'),
(6, 2, 4, 467, 2, '50.94'),
(6, 2, 5, 481, 12, '64.02'),
(7, 1, 1, 427, 1, '20.01'),
(7, 1, 2, 25, 2, '29.82'),
(7, 1, 3, 348, 2, '36.72'),
(7, 2, 1, 686, 3, '58.56'),
(7, 2, 2, 565, 3, '72.06'),
(7, 3, 1, 314, 12, '274.12'),
(7, 3, 2, 478, 2, '35.66'),
(7, 3, 3, 524, 2, '30.52'),
(7, 3, 4, 854, 12, '272.25'),
(7, 4, 1, 890, 3, '59.34'),
(7, 4, 2, 875, 2, '26.72'),
(7, 4, 3, 862, 2, '13.42'),
(7, 4, 4, 1021, 2, '43.54'),
(8, 1, 1, 85, 1, '21.54'),
(8, 1, 2, 738, 2, '48.44'),
(9, 1, 1, 410, 12, '192.94'),
(9, 1, 2, 293, 1, '21.79'),
(9, 1, 3, 502, 1, '24.11'),
(9, 1, 4, 666, 2, '31.10'),
(9, 2, 1, 1014, 12, '152.02'),
(9, 2, 2, 897, 1, '22.99'),
(9, 2, 3, 906, 12, '113.63'),
(9, 2, 4, 962, 2, '31.44'),
(9, 2, 5, 447, 1, '13.58'),
(9, 3, 1, 421, 3, '42.90'),
(9, 3, 2, 179, 12, '59.18'),
(9, 3, 3, 826, 12, '229.90'),
(9, 3, 4, 189, 2, '33.46'),
(9, 3, 5, 434, 12, '279.84'),
(9, 3, 6, 73, 3, '32.10'),
(9, 4, 1, 636, 12, '280.61'),
(9, 4, 2, 796, 1, '24.09'),
(9, 4, 3, 896, 1, '27.56'),
(10, 1, 1, 927, 3, '45.39'),
(10, 1, 2, 502, 3, '72.33'),
(10, 1, 3, 940, 12, '133.98'),
(10, 1, 4, 108, 3, '48.63'),
(10, 1, 5, 983, 12, '287.21'),
(10, 2, 1, 126, 1, '24.09'),
(10, 2, 2, 485, 1, '22.86'),
(10, 2, 3, 30, 3, '24.48'),
(10, 2, 4, 57, 3, '52.80'),
(10, 2, 5, 512, 2, '54.98'),
(10, 3, 1, 812, 12, '143.55'),
(10, 3, 2, 737, 12, '288.09'),
(10, 3, 3, 711, 3, '84.21'),
(10, 3, 4, 720, 2, '56.24'),
(10, 3, 5, 460, 1, '19.35'),
(10, 3, 6, 494, 12, '311.85'),
(10, 4, 1, 358, 2, '34.34'),
(10, 4, 2, 409, 12, '245.74'),
(10, 4, 3, 807, 1, '9.87'),
(10, 4, 4, 34, 1, '14.28'),
(10, 4, 5, 431, 1, '17.86'),
(10, 5, 1, 618, 2, '58.14'),
(10, 5, 2, 23, 1, '26.56'),
(10, 5, 3, 654, 2, '53.60'),
(10, 5, 4, 1027, 1, '28.73'),
(10, 5, 5, 698, 1, '15.50'),
(10, 6, 1, 496, 2, '46.94'),
(11, 1, 1, 678, 3, '79.35'),
(11, 1, 2, 295, 2, '50.10'),
(11, 1, 3, 265, 3, '50.19'),
(11, 1, 4, 449, 2, '56.76'),
(12, 1, 1, 615, 1, '23.57'),
(12, 1, 2, 556, 1, '5.78'),
(12, 1, 3, 12, 1, '27.42'),
(12, 1, 4, 490, 1, '8.31'),
(12, 1, 5, 533, 12, '206.14'),
(12, 1, 6, 566, 1, '7.04'),
(12, 2, 1, 180, 3, '55.71'),
(12, 2, 2, 980, 2, '44.64'),
(12, 2, 3, 18, 12, '92.95'),
(12, 2, 4, 745, 3, '30.78'),
(12, 3, 1, 785, 12, '309.21'),
(12, 3, 2, 903, 1, '23.54'),
(12, 3, 3, 21, 2, '38.28'),
(12, 3, 4, 111, 3, '83.64'),
(12, 3, 5, 522, 3, '21.90'),
(12, 3, 6, 854, 1, '24.75'),
(13, 1, 1, 772, 12, '146.19'),
(13, 1, 2, 71, 2, '15.00'),
(13, 1, 3, 414, 1, '22.23'),
(13, 2, 1, 462, 3, '71.34'),
(13, 3, 1, 468, 12, '314.60'),
(13, 3, 2, 228, 3, '65.79'),
(13, 3, 3, 153, 1, '23.11'),
(13, 4, 1, 623, 3, '66.30'),
(13, 4, 2, 461, 2, '21.32'),
(14, 1, 1, 152, 1, '5.81'),
(14, 1, 2, 475, 2, '57.68'),
(14, 1, 3, 540, 12, '295.35'),
(14, 1, 4, 941, 2, '33.14'),
(14, 1, 5, 161, 2, '37.26'),
(14, 2, 1, 314, 12, '274.12'),
(15, 1, 1, 550, 1, '11.22'),
(15, 2, 1, 729, 3, '20.13'),
(15, 2, 2, 694, 12, '173.36'),
(15, 3, 1, 286, 1, '27.29'),
(15, 3, 2, 189, 12, '184.03'),
(15, 3, 3, 117, 2, '49.86'),
(15, 4, 1, 905, 1, '11.44'),
(15, 5, 1, 361, 2, '25.52'),
(15, 5, 2, 88, 3, '43.77'),
(15, 5, 3, 589, 12, '237.16'),
(15, 5, 4, 875, 2, '26.72'),
(15, 5, 5, 195, 1, '22.53'),
(15, 5, 6, 648, 2, '32.68'),
(16, 1, 1, 993, 12, '268.07'),
(16, 1, 2, 383, 1, '18.89'),
(16, 1, 3, 338, 12, '267.08'),
(16, 1, 4, 1021, 3, '65.31'),
(17, 1, 1, 471, 2, '57.28'),
(17, 1, 2, 2, 3, '84.45'),
(17, 1, 3, 518, 3, '46.05'),
(17, 1, 4, 1, 3, '63.54'),
(17, 2, 1, 927, 2, '30.26'),
(17, 2, 2, 331, 12, '86.24'),
(17, 2, 3, 641, 1, '19.47'),
(17, 2, 4, 984, 1, '6.17'),
(17, 2, 5, 795, 3, '64.38'),
(17, 2, 6, 743, 3, '23.94'),
(17, 3, 1, 425, 1, '15.85'),
(17, 4, 1, 168, 3, '73.11'),
(17, 4, 2, 450, 1, '14.42'),
(17, 4, 3, 935, 3, '85.68'),
(18, 1, 1, 381, 12, '229.46'),
(18, 1, 2, 745, 3, '30.78'),
(18, 1, 3, 11, 2, '32.96'),
(19, 1, 1, 538, 1, '14.50'),
(19, 1, 2, 280, 3, '55.74'),
(19, 1, 3, 789, 3, '42.93'),
(19, 1, 4, 751, 3, '74.67'),
(19, 1, 5, 461, 3, '31.98'),
(19, 2, 1, 461, 1, '10.66'),
(19, 2, 2, 973, 1, '16.02'),
(20, 1, 1, 460, 3, '58.05'),
(20, 1, 2, 102, 3, '20.13'),
(20, 1, 3, 1007, 12, '135.74'),
(20, 1, 4, 357, 3, '70.92'),
(21, 1, 1, 577, 12, '231.66'),
(21, 1, 2, 186, 12, '93.83'),
(21, 1, 3, 65, 1, '9.98'),
(21, 1, 4, 11, 1, '16.48'),
(21, 1, 5, 539, 1, '10.48'),
(21, 1, 6, 300, 12, '290.18'),
(21, 2, 1, 887, 2, '30.20'),
(21, 2, 2, 88, 3, '43.77'),
(21, 2, 3, 777, 1, '23.70'),
(21, 2, 4, 626, 12, '91.08'),
(21, 2, 5, 208, 1, '10.19'),
(21, 3, 1, 460, 3, '58.05'),
(21, 3, 2, 26, 12, '286.33'),
(21, 3, 3, 880, 2, '53.24'),
(21, 3, 4, 796, 3, '72.27'),
(21, 3, 5, 526, 1, '19.31'),
(21, 3, 6, 745, 2, '20.52'),
(22, 1, 1, 347, 3, '31.77'),
(22, 1, 2, 843, 2, '16.22'),
(22, 1, 3, 433, 12, '234.41'),
(22, 1, 4, 23, 1, '26.56'),
(22, 2, 1, 95, 2, '58.38'),
(22, 2, 2, 467, 3, '76.41'),
(22, 2, 3, 1006, 3, '60.48'),
(22, 2, 4, 374, 2, '18.56'),
(22, 2, 5, 242, 12, '311.52'),
(22, 3, 1, 357, 12, '260.04'),
(22, 3, 2, 46, 12, '172.37'),
(22, 3, 3, 755, 1, '13.25'),
(22, 3, 4, 1039, 1, '26.46'),
(22, 4, 1, 757, 12, '235.07'),
(23, 1, 1, 867, 1, '15.68'),
(23, 1, 2, 961, 3, '30.24'),
(23, 1, 3, 159, 3, '44.28'),
(23, 1, 4, 970, 12, '314.27'),
(23, 2, 1, 821, 2, '11.38'),
(23, 2, 2, 327, 1, '25.20'),
(23, 2, 3, 866, 2, '29.18'),
(23, 3, 1, 924, 12, '227.37'),
(23, 3, 2, 86, 3, '45.12'),
(23, 3, 3, 125, 12, '97.02'),
(23, 4, 1, 849, 12, '318.56'),
(23, 4, 2, 591, 2, '25.40'),
(23, 4, 3, 200, 2, '23.76'),
(23, 4, 4, 886, 3, '52.59'),
(23, 4, 5, 413, 3, '55.02'),
(23, 4, 6, 892, 1, '7.25'),
(23, 5, 1, 918, 1, '15.70'),
(23, 5, 2, 151, 12, '246.07'),
(23, 5, 3, 179, 2, '10.76'),
(24, 1, 1, 118, 3, '43.14'),
(24, 1, 2, 949, 2, '21.54'),
(24, 1, 3, 578, 2, '14.64'),
(24, 1, 4, 894, 1, '7.88'),
(24, 1, 5, 270, 1, '20.46'),
(24, 2, 1, 1016, 12, '219.89'),
(24, 2, 2, 769, 12, '63.14'),
(24, 2, 3, 62, 1, '16.85'),
(24, 2, 4, 237, 12, '280.28'),
(25, 1, 1, 308, 12, '143.66'),
(25, 1, 2, 188, 3, '23.13'),
(25, 1, 3, 833, 2, '39.26'),
(25, 1, 4, 1003, 12, '107.47'),
(25, 2, 1, 167, 1, '21.05'),
(25, 2, 2, 500, 1, '16.28'),
(25, 2, 3, 105, 3, '67.23'),
(25, 2, 4, 364, 12, '250.69'),
(25, 2, 5, 493, 1, '22.39'),
(25, 3, 1, 283, 3, '86.49'),
(25, 3, 2, 988, 1, '11.17'),
(25, 4, 1, 194, 2, '30.20'),
(25, 4, 2, 46, 2, '31.34'),
(25, 5, 1, 668, 12, '163.35'),
(25, 5, 2, 54, 2, '40.62'),
(25, 5, 3, 802, 1, '12.24'),
(26, 1, 1, 87, 1, '17.19'),
(26, 1, 2, 383, 1, '18.89'),
(26, 2, 1, 240, 1, '11.44'),
(26, 2, 2, 941, 2, '33.14'),
(26, 3, 1, 462, 2, '47.56'),
(26, 3, 2, 843, 3, '24.33'),
(26, 3, 3, 415, 12, '124.41'),
(26, 4, 1, 917, 1, '18.43'),
(26, 5, 1, 894, 2, '15.76'),
(26, 5, 2, 891, 1, '23.60'),
(26, 5, 3, 515, 3, '75.27'),
(26, 5, 4, 714, 1, '25.79'),
(26, 5, 5, 35, 1, '17.64'),
(26, 5, 6, 339, 12, '117.37'),
(27, 1, 1, 288, 3, '44.85'),
(27, 1, 2, 712, 2, '56.42'),
(27, 1, 3, 984, 2, '12.34'),
(27, 1, 4, 248, 12, '287.98'),
(27, 1, 5, 312, 2, '23.86'),
(27, 2, 1, 76, 2, '35.88'),
(27, 2, 2, 258, 1, '17.68'),
(27, 3, 1, 640, 2, '22.90'),
(27, 3, 2, 371, 12, '170.39'),
(27, 3, 3, 979, 1, '28.39'),
(27, 3, 4, 299, 12, '145.53'),
(27, 4, 1, 607, 1, '22.19'),
(27, 4, 2, 225, 12, '186.56'),
(27, 4, 3, 395, 2, '33.98'),
(27, 4, 4, 87, 3, '51.57'),
(27, 4, 5, 502, 3, '72.33'),
(27, 5, 1, 446, 12, '235.84'),
(28, 1, 1, 980, 3, '66.96'),
(28, 1, 2, 470, 12, '103.84'),
(28, 1, 3, 212, 3, '89.40'),
(28, 1, 4, 1018, 1, '9.22'),
(28, 1, 5, 1036, 2, '23.48'),
(28, 1, 6, 118, 3, '43.14'),
(28, 2, 1, 237, 12, '280.28'),
(28, 2, 2, 812, 1, '13.05'),
(28, 2, 3, 971, 1, '19.81'),
(28, 3, 1, 663, 3, '21.69'),
(28, 4, 1, 1024, 12, '218.35'),
(28, 5, 1, 732, 1, '27.09'),
(28, 5, 2, 230, 12, '123.64'),
(28, 5, 3, 992, 2, '21.02'),
(28, 6, 1, 834, 12, '248.16'),
(29, 1, 1, 458, 12, '88.11'),
(29, 1, 2, 228, 3, '65.79'),
(29, 1, 3, 100, 3, '70.38'),
(30, 1, 1, 958, 12, '119.13'),
(30, 2, 1, 109, 3, '48.00'),
(30, 2, 2, 780, 1, '7.31'),
(30, 2, 3, 1048, 1, '9.60'),
(30, 2, 4, 187, 2, '12.88'),
(30, 3, 1, 851, 12, '221.43'),
(30, 3, 2, 1038, 3, '69.06'),
(30, 4, 1, 794, 2, '21.04'),
(30, 4, 2, 809, 3, '27.57'),
(30, 4, 3, 1019, 12, '142.23'),
(30, 4, 4, 148, 3, '39.72'),
(30, 4, 5, 986, 1, '6.56'),
(30, 5, 1, 595, 3, '86.85'),
(30, 5, 2, 142, 2, '30.00'),
(30, 5, 3, 454, 1, '28.31'),
(30, 5, 4, 995, 2, '28.16'),
(30, 5, 5, 924, 3, '62.01'),
(30, 5, 6, 214, 3, '83.85'),
(31, 1, 1, 95, 1, '29.19'),
(31, 1, 2, 551, 1, '23.73'),
(31, 1, 3, 128, 3, '63.75'),
(31, 1, 4, 880, 3, '79.86'),
(32, 1, 1, 990, 12, '140.58'),
(32, 1, 2, 629, 12, '266.09'),
(32, 2, 1, 472, 3, '25.08'),
(32, 3, 1, 213, 12, '276.87'),
(32, 3, 2, 625, 1, '17.99'),
(32, 3, 3, 985, 2, '40.68'),
(32, 3, 4, 680, 3, '15.75'),
(32, 3, 5, 104, 3, '19.26'),
(32, 3, 6, 1031, 1, '6.87'),
(32, 4, 1, 134, 12, '246.95'),
(32, 4, 2, 567, 3, '37.11'),
(32, 4, 3, 622, 1, '17.45'),
(32, 5, 1, 105, 2, '44.82'),
(32, 5, 2, 542, 1, '19.52'),
(32, 5, 3, 651, 1, '29.92'),
(32, 6, 1, 661, 12, '121.88'),
(32, 6, 2, 772, 12, '146.19'),
(32, 6, 3, 354, 12, '68.09'),
(33, 1, 1, 235, 1, '21.85'),
(33, 1, 2, 633, 3, '48.54'),
(33, 1, 3, 152, 12, '63.91'),
(33, 1, 4, 122, 1, '22.13'),
(33, 1, 5, 592, 2, '30.64'),
(33, 1, 6, 1016, 2, '39.98'),
(33, 2, 1, 862, 3, '20.13'),
(33, 2, 2, 298, 3, '73.92'),
(33, 2, 3, 403, 1, '24.98'),
(33, 2, 4, 132, 12, '202.73'),
(33, 2, 5, 160, 1, '29.92'),
(33, 2, 6, 583, 1, '18.49'),
(33, 3, 1, 974, 1, '6.37'),
(33, 4, 1, 756, 1, '29.52'),
(33, 4, 2, 390, 3, '25.29'),
(33, 4, 3, 717, 3, '71.76'),
(33, 5, 1, 450, 12, '158.62'),
(33, 5, 2, 979, 1, '28.39'),
(33, 5, 3, 624, 12, '244.75'),
(33, 5, 4, 812, 1, '13.05'),
(34, 1, 1, 141, 2, '44.94'),
(34, 1, 2, 1003, 2, '19.54'),
(35, 1, 1, 931, 1, '14.34'),
(35, 2, 1, 128, 12, '233.75'),
(35, 2, 2, 558, 12, '314.49'),
(35, 2, 3, 74, 12, '138.16'),
(35, 3, 1, 157, 3, '72.18'),
(35, 3, 2, 124, 1, '27.42'),
(35, 3, 3, 1002, 12, '263.67'),
(35, 3, 4, 115, 1, '14.02'),
(35, 4, 1, 694, 12, '173.36'),
(36, 1, 1, 442, 12, '150.37'),
(36, 2, 1, 580, 3, '73.47'),
(36, 2, 2, 294, 3, '23.73'),
(36, 2, 3, 656, 1, '25.43'),
(36, 3, 1, 743, 2, '15.96'),
(36, 3, 2, 442, 2, '27.34'),
(36, 3, 3, 517, 1, '7.42'),
(36, 3, 4, 1023, 3, '46.47'),
(36, 4, 1, 172, 1, '29.89'),
(37, 1, 1, 1006, 3, '60.48'),
(37, 2, 1, 921, 2, '50.60'),
(37, 3, 1, 1004, 12, '265.98'),
(37, 3, 2, 15, 1, '12.33'),
(37, 3, 3, 955, 3, '56.73'),
(37, 3, 4, 878, 3, '67.29'),
(37, 3, 5, 342, 1, '11.22'),
(37, 3, 6, 757, 2, '42.74'),
(37, 4, 1, 123, 3, '23.10'),
(37, 4, 2, 1044, 12, '210.32'),
(37, 4, 3, 97, 1, '12.11'),
(37, 4, 4, 890, 1, '19.78'),
(37, 4, 5, 282, 1, '27.83'),
(37, 4, 6, 654, 1, '26.80'),
(38, 1, 1, 75, 1, '22.73'),
(38, 1, 2, 683, 2, '18.38'),
(38, 1, 3, 510, 2, '22.06'),
(38, 1, 4, 501, 12, '246.29'),
(38, 1, 5, 920, 1, '20.28'),
(38, 1, 6, 711, 12, '308.77'),
(39, 1, 1, 984, 3, '18.51'),
(39, 2, 1, 198, 2, '27.62'),
(39, 2, 2, 288, 2, '29.90'),
(39, 3, 1, 298, 2, '49.28'),
(39, 3, 2, 347, 1, '10.59'),
(39, 3, 3, 15, 2, '24.66'),
(39, 4, 1, 80, 1, '28.44'),
(39, 4, 2, 625, 3, '53.97'),
(39, 4, 3, 277, 1, '26.37'),
(39, 5, 1, 816, 1, '11.57'),
(39, 5, 2, 881, 2, '51.66'),
(39, 5, 3, 566, 1, '7.04'),
(39, 5, 4, 818, 12, '72.27'),
(39, 5, 5, 174, 12, '282.48'),
(40, 1, 1, 513, 3, '51.87'),
(40, 1, 2, 6, 1, '20.25'),
(40, 1, 3, 834, 1, '22.56'),
(40, 2, 1, 943, 3, '48.39'),
(40, 2, 2, 319, 2, '29.40'),
(40, 2, 3, 263, 2, '26.24'),
(41, 1, 1, 613, 12, '237.82'),
(41, 1, 2, 102, 12, '73.81'),
(41, 1, 3, 418, 3, '30.99'),
(41, 1, 4, 1047, 2, '27.70'),
(42, 1, 1, 447, 3, '40.74'),
(42, 1, 2, 136, 3, '76.05'),
(42, 1, 3, 36, 2, '59.02'),
(42, 2, 1, 591, 2, '25.40'),
(42, 2, 2, 1037, 2, '53.34'),
(42, 2, 3, 591, 12, '139.70'),
(42, 3, 1, 304, 1, '22.46'),
(42, 3, 2, 463, 1, '27.14'),
(42, 3, 3, 475, 12, '317.24'),
(43, 1, 1, 534, 1, '16.15'),
(43, 1, 2, 286, 12, '300.19'),
(43, 1, 3, 624, 3, '66.75'),
(43, 2, 1, 244, 1, '12.21'),
(43, 2, 2, 1037, 3, '80.01'),
(43, 2, 3, 420, 1, '28.55'),
(43, 2, 4, 162, 2, '39.28'),
(43, 2, 5, 500, 1, '16.28'),
(43, 2, 6, 274, 1, '6.22'),
(43, 3, 1, 71, 12, '82.50'),
(43, 3, 2, 837, 3, '26.46'),
(43, 3, 3, 517, 3, '22.26'),
(43, 3, 4, 764, 12, '126.72'),
(43, 3, 5, 612, 3, '88.74'),
(43, 3, 6, 304, 2, '44.92'),
(43, 4, 1, 298, 12, '271.04'),
(43, 4, 2, 826, 3, '62.70'),
(43, 4, 3, 1045, 2, '37.52'),
(43, 4, 4, 646, 1, '7.95'),
(43, 4, 5, 823, 3, '69.60'),
(43, 5, 1, 178, 1, '11.21'),
(43, 5, 2, 568, 12, '124.52'),
(43, 5, 3, 815, 12, '70.84'),
(43, 5, 4, 211, 3, '52.74'),
(43, 5, 5, 244, 3, '36.63'),
(44, 1, 1, 33, 2, '37.50'),
(44, 1, 2, 500, 1, '16.28'),
(44, 1, 3, 37, 1, '14.15'),
(44, 1, 4, 574, 3, '56.73'),
(44, 1, 5, 889, 12, '153.12'),
(44, 1, 6, 184, 1, '27.11'),
(44, 2, 1, 313, 12, '222.42'),
(44, 2, 2, 160, 12, '329.12'),
(44, 2, 3, 85, 1, '21.54'),
(44, 2, 4, 34, 1, '14.28'),
(44, 2, 5, 525, 1, '22.09'),
(44, 2, 6, 1024, 2, '39.70'),
(45, 1, 1, 853, 2, '58.46'),
(45, 1, 2, 150, 1, '8.66'),
(45, 1, 3, 42, 2, '42.56'),
(45, 1, 4, 399, 1, '14.63'),
(45, 1, 5, 613, 2, '43.24'),
(45, 1, 6, 51, 12, '264.99'),
(46, 1, 1, 961, 2, '20.16'),
(46, 1, 2, 259, 1, '10.52'),
(46, 1, 3, 740, 1, '5.08'),
(46, 1, 4, 168, 12, '268.07'),
(46, 1, 5, 53, 12, '292.82'),
(46, 1, 6, 981, 12, '273.90'),
(46, 2, 1, 158, 12, '147.29'),
(46, 2, 2, 588, 1, '11.46'),
(46, 2, 3, 72, 12, '274.56'),
(46, 2, 4, 892, 2, '14.50'),
(47, 1, 1, 129, 2, '11.50'),
(47, 1, 2, 831, 1, '23.61'),
(47, 1, 3, 431, 3, '53.58'),
(47, 1, 4, 27, 2, '41.74'),
(48, 1, 1, 261, 2, '30.74'),
(48, 1, 2, 893, 2, '48.88'),
(48, 1, 3, 218, 3, '27.18'),
(48, 1, 4, 789, 2, '28.62'),
(48, 1, 5, 423, 3, '80.64'),
(48, 2, 1, 467, 2, '50.94'),
(48, 3, 1, 477, 1, '23.89'),
(48, 3, 2, 367, 2, '39.74'),
(48, 3, 3, 983, 3, '78.33'),
(48, 3, 4, 827, 12, '224.84'),
(48, 3, 5, 959, 12, '110.77'),
(48, 3, 6, 516, 3, '32.61'),
(48, 4, 1, 595, 3, '86.85'),
(48, 4, 2, 425, 1, '15.85'),
(48, 4, 3, 14, 12, '57.97'),
(48, 5, 1, 970, 12, '314.27'),
(48, 5, 2, 1025, 12, '316.58'),
(48, 5, 3, 384, 12, '231.77'),
(48, 5, 4, 684, 2, '45.10'),
(48, 6, 1, 1000, 12, '76.01'),
(48, 6, 2, 242, 3, '84.96'),
(48, 6, 3, 485, 3, '68.58'),
(48, 6, 4, 560, 2, '45.82'),
(48, 6, 5, 492, 3, '66.30'),
(48, 6, 6, 874, 1, '19.40'),
(49, 1, 1, 582, 1, '20.88'),
(49, 1, 2, 84, 12, '295.24'),
(49, 1, 3, 1006, 1, '20.16'),
(49, 2, 1, 152, 3, '17.43'),
(49, 2, 2, 335, 12, '105.38'),
(49, 2, 3, 283, 12, '317.13'),
(49, 2, 4, 262, 12, '244.09'),
(49, 2, 5, 659, 2, '48.76'),
(49, 2, 6, 757, 2, '42.74'),
(49, 3, 1, 841, 2, '50.76'),
(49, 3, 2, 265, 12, '184.03'),
(49, 3, 3, 592, 1, '15.32'),
(49, 4, 1, 815, 2, '12.88'),
(49, 4, 2, 704, 1, '23.19'),
(49, 4, 3, 96, 12, '248.82'),
(49, 4, 4, 999, 3, '52.83'),
(49, 4, 5, 183, 3, '75.81'),
(49, 4, 6, 1036, 12, '129.14'),
(49, 5, 1, 445, 2, '42.86'),
(49, 5, 2, 19, 12, '321.42'),
(50, 1, 1, 662, 12, '256.19'),
(50, 1, 2, 168, 3, '73.11'),
(50, 1, 3, 950, 1, '11.06'),
(50, 2, 1, 457, 12, '231.00'),
(50, 3, 1, 975, 3, '27.60'),
(50, 3, 2, 768, 3, '24.24'),
(50, 3, 3, 299, 2, '26.46'),
(50, 3, 4, 627, 12, '72.38'),
(50, 3, 5, 856, 1, '5.29'),
(50, 3, 6, 647, 12, '322.52'),
(51, 1, 1, 434, 12, '279.84'),
(51, 1, 2, 209, 1, '14.80'),
(51, 1, 3, 637, 3, '43.68'),
(51, 1, 4, 183, 2, '50.54'),
(51, 1, 5, 692, 3, '53.70'),
(51, 2, 1, 975, 2, '18.40'),
(51, 2, 2, 243, 1, '19.35'),
(51, 2, 3, 997, 1, '9.03'),
(51, 3, 1, 408, 12, '175.45'),
(51, 3, 2, 470, 3, '28.32'),
(51, 3, 3, 228, 1, '21.93'),
(51, 4, 1, 146, 12, '234.30'),
(51, 4, 2, 930, 3, '76.53'),
(51, 4, 3, 402, 12, '209.88'),
(51, 4, 4, 5, 3, '20.01'),
(51, 5, 1, 58, 3, '79.80'),
(51, 5, 2, 101, 2, '17.46'),
(51, 5, 3, 677, 3, '42.24'),
(51, 5, 4, 33, 12, '206.25'),
(51, 6, 1, 896, 2, '55.12'),
(52, 1, 1, 958, 12, '119.13'),
(52, 1, 2, 602, 2, '23.44'),
(52, 1, 3, 922, 1, '23.00'),
(52, 1, 4, 419, 3, '33.12'),
(52, 2, 1, 219, 2, '12.90'),
(52, 2, 2, 612, 3, '88.74'),
(52, 2, 3, 466, 3, '35.43'),
(52, 3, 1, 674, 12, '163.57'),
(52, 3, 2, 203, 3, '44.61'),
(52, 3, 3, 728, 12, '60.28'),
(52, 3, 4, 944, 3, '59.82'),
(52, 4, 1, 16, 2, '17.90'),
(52, 5, 1, 101, 12, '96.03'),
(52, 5, 2, 381, 1, '20.86'),
(52, 5, 3, 518, 2, '30.70'),
(52, 5, 4, 902, 1, '10.77'),
(52, 5, 5, 197, 1, '11.73'),
(52, 6, 1, 592, 1, '15.32'),
(52, 6, 2, 37, 12, '155.65'),
(52, 6, 3, 293, 1, '21.79'),
(52, 6, 4, 206, 12, '270.60'),
(52, 6, 5, 286, 12, '300.19'),
(52, 6, 6, 113, 1, '19.25'),
(53, 1, 1, 169, 2, '19.50'),
(53, 1, 2, 779, 1, '19.87'),
(53, 1, 3, 53, 3, '79.86'),
(53, 1, 4, 39, 3, '22.14'),
(53, 2, 1, 254, 3, '67.65'),
(53, 2, 2, 730, 1, '24.66'),
(53, 2, 3, 935, 3, '85.68'),
(53, 2, 4, 263, 12, '144.32'),
(53, 3, 1, 1023, 2, '30.98'),
(53, 3, 2, 786, 3, '62.52'),
(53, 3, 3, 705, 12, '109.67'),
(53, 4, 1, 544, 3, '19.59'),
(53, 5, 1, 163, 12, '224.18'),
(53, 5, 2, 247, 2, '50.80'),
(53, 5, 3, 999, 2, '35.22'),
(53, 5, 4, 766, 1, '29.86'),
(53, 5, 5, 838, 3, '57.90'),
(53, 6, 1, 827, 1, '20.44'),
(54, 1, 1, 77, 12, '97.24'),
(54, 1, 2, 567, 12, '136.07'),
(54, 1, 3, 1031, 2, '13.74'),
(54, 2, 1, 764, 2, '23.04'),
(54, 2, 2, 892, 1, '7.25'),
(54, 3, 1, 790, 2, '24.86'),
(54, 3, 2, 720, 1, '28.12'),
(54, 3, 3, 180, 3, '55.71'),
(54, 3, 4, 576, 1, '26.76'),
(54, 4, 1, 36, 3, '88.53'),
(54, 4, 2, 775, 3, '31.98'),
(54, 4, 3, 13, 2, '35.20'),
(54, 4, 4, 147, 12, '215.38'),
(54, 4, 5, 651, 12, '329.12'),
(55, 1, 1, 12, 12, '301.62'),
(56, 1, 1, 98, 3, '73.47'),
(56, 1, 2, 213, 1, '25.17'),
(56, 1, 3, 465, 12, '88.00'),
(56, 2, 1, 397, 3, '34.14'),
(56, 2, 2, 764, 2, '23.04'),
(56, 2, 3, 228, 1, '21.93'),
(56, 2, 4, 239, 1, '24.19'),
(56, 2, 5, 68, 1, '21.66'),
(56, 2, 6, 420, 3, '85.65'),
(57, 1, 1, 461, 1, '10.66'),
(57, 2, 1, 858, 1, '5.33'),
(57, 2, 2, 714, 2, '51.58'),
(57, 3, 1, 452, 1, '7.78'),
(57, 3, 2, 588, 12, '126.06'),
(57, 3, 3, 55, 2, '42.82'),
(57, 3, 4, 1013, 2, '20.08'),
(57, 3, 5, 574, 1, '18.91'),
(57, 3, 6, 515, 12, '275.99'),
(57, 4, 1, 325, 12, '145.31'),
(57, 4, 2, 578, 12, '80.52'),
(57, 4, 3, 380, 2, '54.90'),
(57, 4, 4, 102, 12, '73.81'),
(58, 1, 1, 81, 12, '280.72'),
(58, 1, 2, 812, 2, '26.10'),
(58, 1, 3, 428, 12, '68.64'),
(58, 1, 4, 1019, 2, '25.86'),
(58, 1, 5, 185, 12, '175.12'),
(59, 1, 1, 314, 2, '49.84'),
(59, 1, 2, 1027, 2, '57.46'),
(59, 1, 3, 234, 1, '26.40'),
(59, 1, 4, 869, 1, '17.93'),
(59, 1, 5, 88, 3, '43.77'),
(59, 2, 1, 946, 1, '9.51'),
(59, 2, 2, 602, 2, '23.44'),
(59, 2, 3, 319, 3, '44.10'),
(59, 2, 4, 62, 12, '185.35'),
(59, 3, 1, 132, 3, '55.29'),
(59, 3, 2, 602, 2, '23.44'),
(59, 4, 1, 621, 3, '88.38'),
(59, 4, 2, 1032, 12, '219.23'),
(59, 4, 3, 143, 12, '137.39'),
(59, 5, 1, 887, 1, '15.10'),
(59, 5, 2, 234, 3, '79.20'),
(60, 1, 1, 920, 12, '223.08'),
(60, 1, 2, 238, 12, '265.65'),
(60, 1, 3, 359, 3, '55.83');

-- --------------------------------------------------------

--
-- Table structure for table `orders`
--

CREATE TABLE IF NOT EXISTS `orders` (
  `cust_id` int(5) NOT NULL,
  `order_id` int(5) NOT NULL,
  `date` timestamp NOT NULL DEFAULT CURRENT_TIMESTAMP ON UPDATE CURRENT_TIMESTAMP,
  `instructions` varchar(128) DEFAULT NULL,
  `creditcard` char(16) DEFAULT NULL,
  `expirydate` char(5) DEFAULT NULL,
  PRIMARY KEY (`cust_id`,`order_id`)
) ENGINE=InnoDB DEFAULT CHARSET=latin1;

--
-- Dumping data for table `orders`
--

INSERT INTO `orders` (`cust_id`, `order_id`, `date`, `instructions`, `creditcard`, `expirydate`) VALUES
(1, 1, '2000-01-13 13:31:21', '', '8000000000001001', '01/05'),
(1, 2, '2000-02-05 10:17:01', '', '8000000000001001', '01/05'),
(1, 3, '2000-03-26 21:44:18', '', '8000000000001001', '01/05'),
(1, 4, '2000-04-20 18:44:56', '', '8000000000001001', '01/05'),
(2, 1, '2000-01-13 20:04:18', '', '8000000000001001', '01/05'),
(2, 2, '2000-02-25 10:54:46', '', '8000000000001001', '01/05'),
(2, 3, '2000-03-01 15:45:27', '', '8000000000001001', '01/05'),
(2, 4, '2000-04-04 08:26:05', '', '8000000000001001', '01/05'),
(2, 5, '2000-05-20 22:53:29', '', '8000000000001001', '01/05'),
(3, 1, '2000-01-22 13:30:53', '', '8000000000001001', '01/05'),
(3, 2, '2000-02-29 19:48:13', '', '8000000000001001', '01/05'),
(3, 3, '2000-03-11 09:16:05', '', '8000000000001001', '01/05'),
(3, 4, '2000-04-11 18:35:16', '', '8000000000001001', '01/05'),
(3, 5, '2000-05-02 11:36:48', '', '8000000000001001', '01/05'),
(4, 1, '2000-01-18 08:02:18', '', '8000000000001001', '01/05'),
(4, 2, '2000-02-18 14:07:24', '', '8000000000001001', '01/05'),
(5, 1, '2000-01-27 21:42:13', '', '8000000000001001', '01/05'),
(5, 2, '2000-02-29 23:10:26', '', '8000000000001001', '01/05'),
(5, 3, '2000-03-12 20:18:22', '', '8000000000001001', '01/05'),
(5, 4, '2000-04-22 10:32:46', '', '8000000000001001', '01/05'),
(5, 5, '2000-05-16 14:05:06', '', '8000000000001001', '01/05'),
(6, 1, '2000-01-03 11:09:30', '', '8000000000001001', '01/05'),
(6, 2, '2000-02-12 06:26:26', '', '8000000000001001', '01/05'),
(7, 1, '2000-01-01 21:01:31', '', '8000000000001001', '01/05'),
(7, 2, '2000-02-22 15:24:11', '', '8000000000001001', '01/05'),
(7, 3, '2000-03-29 06:59:26', '', '8000000000001001', '01/05'),
(7, 4, '2000-04-25 10:54:20', '', '8000000000001001', '01/05'),
(8, 1, '2000-01-10 08:40:46', '', '8000000000001001', '01/05'),
(9, 1, '2000-01-07 13:42:03', '', '8000000000001001', '01/05'),
(9, 2, '2000-02-18 17:40:17', '', '8000000000001001', '01/05'),
(9, 3, '2000-03-26 19:32:32', '', '8000000000001001', '01/05'),
(9, 4, '2000-04-25 18:37:42', '', '8000000000001001', '01/05'),
(10, 1, '2000-01-23 13:00:42', '', '8000000000001001', '01/05'),
(10, 2, '2000-02-24 14:12:30', '', '8000000000001001', '01/05'),
(10, 3, '2000-03-06 11:21:05', '', '8000000000001001', '01/05'),
(10, 4, '2000-04-06 07:42:38', '', '8000000000001001', '01/05'),
(10, 5, '2000-05-08 22:04:56', '', '8000000000001001', '01/05'),
(10, 6, '2000-06-09 10:36:38', '', '8000000000001001', '01/05'),
(11, 1, '2000-01-13 14:37:33', '', '8000000000001001', '01/05'),
(12, 1, '2000-01-08 15:35:18', '', '8000000000001001', '01/05'),
(12, 2, '2000-02-08 17:05:55', '', '8000000000001001', '01/05'),
(12, 3, '2000-03-01 22:19:36', '', '8000000000001001', '01/05'),
(13, 1, '2000-01-02 08:54:43', '', '8000000000001001', '01/05'),
(13, 2, '2000-02-21 18:08:34', '', '8000000000001001', '01/05'),
(13, 3, '2000-03-24 19:40:18', '', '8000000000001001', '01/05'),
(13, 4, '2000-04-08 14:57:11', '', '8000000000001001', '01/05'),
(15, 1, '2000-01-08 23:15:51', '', '8000000000001001', '01/05'),
(15, 2, '2000-02-09 12:39:45', '', '8000000000001001', '01/05'),
(15, 3, '2000-03-09 08:45:11', '', '8000000000001001', '01/05'),
(15, 4, '2000-04-11 11:50:24', '', '8000000000001001', '01/05'),
(15, 5, '2000-05-15 22:14:40', '', '8000000000001001', '01/05'),
(16, 1, '2000-01-24 06:05:07', '', '8000000000001001', '01/05'),
(17, 1, '2000-01-16 22:59:36', '', '8000000000001001', '01/05'),
(17, 2, '2000-02-24 16:26:56', '', '8000000000001001', '01/05'),
(17, 3, '2000-03-10 09:03:46', '', '8000000000001001', '01/05'),
(17, 4, '2000-04-12 17:01:13', '', '8000000000001001', '01/05'),
(18, 1, '2000-01-28 23:40:41', '', '8000000000001001', '01/05'),
(19, 1, '2000-01-26 11:45:17', '', '8000000000001001', '01/05'),
(19, 2, '2000-02-11 18:49:04', '', '8000000000001001', '01/05'),
(20, 1, '2000-01-07 08:17:29', '', '8000000000001001', '01/05'),
(21, 1, '2000-01-03 09:07:28', '', '8000000000001001', '01/05'),
(21, 2, '2000-02-06 13:09:53', '', '8000000000001001', '01/05'),
(21, 3, '2000-03-05 17:49:20', '', '8000000000001001', '01/05'),
(22, 1, '2000-01-07 22:32:44', '', '8000000000001001', '01/05'),
(22, 2, '2000-02-19 08:44:15', '', '8000000000001001', '01/05'),
(22, 3, '2000-03-04 12:18:45', '', '8000000000001001', '01/05'),
(22, 4, '2000-04-04 19:56:15', '', '8000000000001001', '01/05'),
(23, 1, '2000-01-14 06:01:42', '', '8000000000001001', '01/05'),
(23, 2, '2000-02-20 17:40:40', '', '8000000000001001', '01/05'),
(23, 3, '2000-03-21 06:27:10', '', '8000000000001001', '01/05'),
(23, 4, '2000-04-08 16:13:10', '', '8000000000001001', '01/05'),
(23, 5, '2000-05-26 17:33:57', '', '8000000000001001', '01/05'),
(24, 1, '2000-01-19 13:53:32', '', '8000000000001001', '01/05'),
(24, 2, '2000-02-05 17:09:05', '', '8000000000001001', '01/05'),
(25, 1, '2000-01-20 12:55:23', '', '8000000000001001', '01/05'),
(25, 2, '2000-02-03 13:09:11', '', '8000000000001001', '01/05'),
(25, 3, '2000-03-25 22:56:19', '', '8000000000001001', '01/05'),
(25, 4, '2000-04-27 21:08:59', '', '8000000000001001', '01/05'),
(25, 5, '2000-05-16 14:36:10', '', '8000000000001001', '01/05'),
(26, 1, '2000-01-08 07:04:11', '', '8000000000001001', '01/05'),
(26, 2, '2000-02-20 10:47:42', '', '8000000000001001', '01/05'),
(26, 3, '2000-03-12 06:42:26', '', '8000000000001001', '01/05'),
(26, 4, '2000-04-16 07:56:33', '', '8000000000001001', '01/05'),
(26, 5, '2000-05-20 21:53:57', '', '8000000000001001', '01/05'),
(27, 1, '2000-01-21 18:15:48', '', '8000000000001001', '01/05'),
(27, 2, '2000-02-05 19:39:23', '', '8000000000001001', '01/05'),
(27, 3, '2000-03-03 23:17:47', '', '8000000000001001', '01/05'),
(27, 4, '2000-04-16 18:40:49', '', '8000000000001001', '01/05'),
(27, 5, '2000-05-14 23:30:08', '', '8000000000001001', '01/05'),
(28, 1, '2000-01-26 11:13:15', '', '8000000000001001', '01/05'),
(28, 2, '2000-02-23 11:12:43', '', '8000000000001001', '01/05'),
(28, 3, '2000-03-07 12:13:00', '', '8000000000001001', '01/05'),
(28, 4, '2000-04-25 12:53:51', '', '8000000000001001', '01/05'),
(28, 5, '2000-05-22 10:05:28', '', '8000000000001001', '01/05'),
(28, 6, '2000-06-05 18:58:09', '', '8000000000001001', '01/05'),
(29, 1, '2000-01-04 23:29:28', '', '8000000000001001', '01/05'),
(30, 1, '2000-01-12 20:45:09', '', '8000000000001001', '01/05'),
(30, 2, '2000-02-26 07:50:02', '', '8000000000001001', '01/05'),
(30, 3, '2000-03-06 18:22:16', '', '8000000000001001', '01/05'),
(30, 4, '2000-04-22 18:50:40', '', '8000000000001001', '01/05'),
(30, 5, '2000-05-04 16:35:17', '', '8000000000001001', '01/05'),
(31, 1, '2000-01-10 14:42:56', '', '8000000000001001', '01/05'),
(32, 1, '2000-01-20 15:48:49', '', '8000000000001001', '01/05'),
(32, 2, '2000-02-24 12:36:44', '', '8000000000001001', '01/05'),
(32, 3, '2000-03-02 19:45:33', '', '8000000000001001', '01/05'),
(32, 4, '2000-04-17 21:49:23', '', '8000000000001001', '01/05'),
(32, 5, '2000-05-10 21:10:17', '', '8000000000001001', '01/05'),
(32, 6, '2000-06-21 18:46:45', '', '8000000000001001', '01/05'),
(33, 1, '2000-01-13 13:59:03', '', '8000000000001001', '01/05'),
(33, 2, '2000-02-22 06:02:05', '', '8000000000001001', '01/05'),
(33, 3, '2000-03-18 17:00:44', '', '8000000000001001', '01/05'),
(33, 4, '2000-04-27 13:22:38', '', '8000000000001001', '01/05'),
(33, 5, '2000-05-02 20:21:52', '', '8000000000001001', '01/05'),
(34, 1, '2000-01-08 14:36:40', '', '8000000000001001', '01/05'),
(35, 1, '2000-01-28 10:43:00', '', '8000000000001001', '01/05'),
(35, 2, '2000-02-10 06:32:20', '', '8000000000001001', '01/05'),
(35, 3, '2000-03-22 20:39:53', '', '8000000000001001', '01/05'),
(35, 4, '2000-04-29 08:32:18', '', '8000000000001001', '01/05'),
(36, 1, '2000-01-18 07:36:40', '', '8000000000001001', '01/05'),
(36, 2, '2000-02-09 22:19:27', '', '8000000000001001', '01/05'),
(36, 3, '2000-03-22 19:58:54', '', '8000000000001001', '01/05'),
(36, 4, '2000-04-12 14:45:42', '', '8000000000001001', '01/05'),
(37, 1, '2000-01-18 20:22:13', '', '8000000000001001', '01/05'),
(37, 2, '2000-02-26 16:39:34', '', '8000000000001001', '01/05'),
(37, 3, '2000-03-25 06:10:15', '', '8000000000001001', '01/05'),
(37, 4, '2000-04-20 07:16:32', '', '8000000000001001', '01/05'),
(38, 1, '2000-01-07 09:25:44', '', '8000000000001001', '01/05'),
(39, 1, '2000-01-29 21:46:50', '', '8000000000001001', '01/05'),
(39, 2, '2000-02-29 08:27:10', '', '8000000000001001', '01/05'),
(39, 3, '2000-03-20 22:27:09', '', '8000000000001001', '01/05'),
(39, 4, '2000-04-23 08:52:49', '', '8000000000001001', '01/05'),
(39, 5, '2000-05-14 17:00:52', '', '8000000000001001', '01/05'),
(40, 1, '2000-01-17 12:55:24', '', '8000000000001001', '01/05'),
(40, 2, '2000-02-08 19:46:07', '', '8000000000001001', '01/05'),
(42, 1, '2000-01-06 18:54:57', '', '8000000000001001', '01/05'),
(42, 2, '2000-02-05 15:45:04', '', '8000000000001001', '01/05'),
(42, 3, '2000-03-06 23:17:36', '', '8000000000001001', '01/05'),
(43, 1, '2000-01-18 20:57:45', '', '8000000000001001', '01/05'),
(43, 2, '2000-02-02 11:53:56', '', '8000000000001001', '01/05'),
(43, 3, '2000-03-03 06:22:02', '', '8000000000001001', '01/05'),
(43, 4, '2000-04-12 13:36:48', '', '8000000000001001', '01/05'),
(43, 5, '2000-05-20 18:15:28', '', '8000000000001001', '01/05'),
(44, 1, '2000-01-03 06:18:02', '', '8000000000001001', '01/05'),
(44, 2, '2000-02-10 12:05:05', '', '8000000000001001', '01/05'),
(45, 1, '2000-01-25 08:15:57', '', '8000000000001001', '01/05'),
(46, 1, '2000-01-24 12:23:50', '', '8000000000001001', '01/05'),
(46, 2, '2000-02-03 22:23:33', '', '8000000000001001', '01/05'),
(47, 1, '2000-01-28 06:37:24', '', '8000000000001001', '01/05'),
(48, 1, '2000-01-06 12:40:28', '', '8000000000001001', '01/05'),
(48, 2, '2000-02-01 07:39:39', '', '8000000000001001', '01/05'),
(48, 3, '2000-03-03 12:42:04', '', '8000000000001001', '01/05'),
(48, 4, '2000-04-26 12:43:54', '', '8000000000001001', '01/05'),
(48, 5, '2000-05-11 15:10:48', '', '8000000000001001', '01/05'),
(48, 6, '2000-06-05 23:06:02', '', '8000000000001001', '01/05'),
(49, 1, '2000-01-13 14:33:11', '', '8000000000001001', '01/05'),
(49, 2, '2000-02-03 10:05:54', '', '8000000000001001', '01/05'),
(49, 3, '2000-03-06 21:51:36', '', '8000000000001001', '01/05'),
(49, 4, '2000-04-24 08:44:02', '', '8000000000001001', '01/05'),
(49, 5, '2000-05-24 18:27:04', '', '8000000000001001', '01/05'),
(50, 1, '2000-01-24 15:35:51', '', '8000000000001001', '01/05'),
(50, 2, '2000-02-19 10:18:36', '', '8000000000001001', '01/05'),
(50, 3, '2000-03-16 23:51:56', '', '8000000000001001', '01/05'),
(51, 1, '2000-01-02 15:08:18', '', '8000000000001001', '01/05'),
(51, 2, '2000-02-18 10:05:19', '', '8000000000001001', '01/05'),
(51, 3, '2000-03-14 10:36:37', '', '8000000000001001', '01/05'),
(51, 4, '2000-04-12 15:57:53', '', '8000000000001001', '01/05'),
(51, 5, '2000-05-28 20:02:25', '', '8000000000001001', '01/05'),
(51, 6, '2000-06-10 10:07:18', '', '8000000000001001', '01/05'),
(52, 1, '2000-01-28 12:33:57', '', '8000000000001001', '01/05'),
(52, 2, '2000-02-25 09:51:52', '', '8000000000001001', '01/05'),
(52, 3, '2000-03-22 16:06:41', '', '8000000000001001', '01/05'),
(52, 4, '2000-04-09 07:18:08', '', '8000000000001001', '01/05'),
(52, 5, '2000-05-07 17:12:43', '', '8000000000001001', '01/05'),
(52, 6, '2000-06-26 20:35:27', '', '8000000000001001', '01/05'),
(53, 1, '2000-01-03 19:15:17', '', '8000000000001001', '01/05'),
(53, 2, '2000-02-25 15:38:57', '', '8000000000001001', '01/05'),
(53, 3, '2000-03-05 23:10:25', '', '8000000000001001', '01/05'),
(53, 4, '2000-04-21 13:25:33', '', '8000000000001001', '01/05'),
(53, 5, '2000-05-23 09:15:54', '', '8000000000001001', '01/05'),
(53, 6, '2000-06-16 13:22:20', '', '8000000000001001', '01/05'),
(54, 1, '2000-01-08 08:18:48', '', '8000000000001001', '01/05'),
(54, 2, '2000-02-09 14:30:01', '', '8000000000001001', '01/05'),
(54, 3, '2000-03-06 22:52:59', '', '8000000000001001', '01/05'),
(54, 4, '2000-04-03 07:25:35', '', '8000000000001001', '01/05'),
(55, 1, '2000-01-24 06:38:19', '', '8000000000001001', '01/05'),
(56, 1, '2000-01-13 13:03:30', '', '8000000000001001', '01/05'),
(56, 2, '2000-02-14 13:59:19', '', '8000000000001001', '01/05'),
(57, 1, '2000-01-22 06:21:14', '', '8000000000001001', '01/05'),
(57, 2, '2000-02-12 07:59:47', '', '8000000000001001', '01/05'),
(57, 3, '2000-03-04 16:48:20', '', '8000000000001001', '01/05'),
(57, 4, '2000-04-01 12:25:00', '', '8000000000001001', '01/05'),
(58, 1, '2000-01-24 23:51:01', '', '8000000000001001', '01/05'),
(59, 1, '2000-01-01 22:07:18', '', '8000000000001001', '01/05'),
(59, 2, '2000-02-19 14:07:29', '', '8000000000001001', '01/05'),
(59, 3, '2000-03-29 06:52:52', '', '8000000000001001', '01/05'),
(59, 4, '2000-04-12 12:51:05', '', '8000000000001001', '01/05'),
(59, 5, '2000-05-21 09:17:16', '', '8000000000001001', '01/05'),
(60, 1, '2000-01-27 09:35:28', '', '8000000000001001', '01/05');

-- --------------------------------------------------------

--
-- Table structure for table `users`
--

CREATE TABLE IF NOT EXISTS `users` (
  `cust_id` int(5) NOT NULL,
  `user_name` varchar(50) NOT NULL,
  `password` varchar(32) NOT NULL,
  PRIMARY KEY (`user_name`),
  KEY `password` (`password`),
  KEY `cust_id` (`cust_id`)
) ENGINE=InnoDB DEFAULT CHARSET=latin1;


--
-- Table structure for table `admin`
--

CREATE TABLE IF NOT EXISTS `administrator` (
  `cust_id` int(5) NOT NULL,
  `user_name` varchar(50) NOT NULL,
  `password` varchar(32) NOT NULL,
  PRIMARY KEY (`user_name`),
  KEY `password` (`password`),
  KEY `cust_id` (`cust_id`)
) ENGINE=InnoDB DEFAULT CHARSET=latin1;

-- --------------------------------------------------------

--
-- Table structure for table `bag`
--

CREATE TABLE IF NOT EXISTS `bag` (
  `bag_id` int(5) NOT NULL,
  `bag_name` varchar(50) NOT NULL,
  `bag_cat` int(2) NOT NULL,
  `year` int(4) NOT NULL,
  `bag_brand_id` int(4) NOT NULL,
  `description` blob,
  PRIMARY KEY (`bag_id`),
  KEY `name` (`bag_name`),
  KEY `brand` (`bag_brand_id`)
) ENGINE=InnoDB DEFAULT CHARSET=latin1;

--
-- Dumping data for table `bag`
--

INSERT INTO `bag` (`bag_id`, `bag_name`, `bag_cat`, `year`, `bag_brand_id`, `description`) VALUES
(1, 'Black Carrina Bag', 2, 1997, 1, NULL),
(2, 'Black Origami Sports Bag', 3, 1975, 1, NULL),
(3, 'One Sling Cut', 4, 1985, 2, NULL),
(4, 'School BackPack Pink', 2, 1984, 2, NULL),
(5, 'Double Armed Sweat Bag', 5, 1986, 2, NULL),
(6, 'Frontis School Bag', 6, 1995, 2, NULL),
(7, 'Childs Play Bag', 5, 1996, 2, NULL),
(8, 'Adidas Blackberry', 4, 1987, 3, NULL),
(9, 'Stringless Blue Ocean', 3, 1981, 3, NULL),
(10, 'Josps Colours', 5, 1999, 3, NULL),
(11, 'Side Handle Bag', 2, 1980, 3, NULL),
(12, 'Morrison Parks Bag', 6, 1979, 4, NULL),
(13, 'ReVoke Passion Lite', 2, 1975, 4, NULL),
(14, 'Trolley Movers', 5, 1978, 4, NULL),
(15, 'The Toddlers Haven', 3, 1999, 4, NULL),
(16, 'Browse To Select', 3, 1998, 4, NULL),
(17, 'Simplicity Holding', 5, 1981, 5, NULL),
(18, 'Reebok Seeding', 5, 1977, 5, NULL),
(19, 'College Ambition', 4, 1986, 6, NULL),
(20, 'High School Fame', 2, 1999, 6, NULL);

-- --------------------------------------------------------

--
-- Table structure for table `brand`
--

CREATE TABLE IF NOT EXISTS `bag_brand` (
  `bag_brand_id` int(4) NOT NULL,
  `bag_brand_name` varchar(100) NOT NULL,
  PRIMARY KEY (`bag_brand_id`),
  KEY `name` (`bag_brand_name`)
) ENGINE=InnoDB DEFAULT CHARSET=latin1;

--
-- Dumping data for table `brand`
--

INSERT INTO `bag_brand` (`bag_brand_id`, `bag_brand_name`) VALUES
(1, 'RPC'),
(2, 'Reebok'),
(3, 'Nike'),
(4, 'Adidas'),
(5, 'Apple'),
(6, 'HTC'),
(7, 'Willows'),
(8, 'Blackberry'),
(9, 'Steezy'),
(10, 'Lonsdale');
-- --------------------------------------------------------

--
-- Table structure for table `bag_cat`
--

CREATE TABLE IF NOT EXISTS `bag_cat` (
  `bag_cat_id` int(2) NOT NULL,
  `bag_cat` varchar(32) NOT NULL,
  PRIMARY KEY (`bag_cat_id`)
) ENGINE=InnoDB DEFAULT CHARSET=latin1;

--
-- Dumping data for table `bag_cat`
--

INSERT INTO `bag_cat` (`bag_cat_id`, `bag_cat`) VALUES
(1, 'All'),
(2, 'College'),
(3, 'High School'),
(4, 'Toddlers'),
(5, 'Public Freaky'),
(6, 'Executive');

